{
  "heart": {
    "name": "ic16_watch",
    "width": 16,
    "height": 16,
    "path": [
      "M21.21 15.89A10 10 0 1 1 8 2.83",
      "M22 12A10 10 0 0 0 12 2v10z"
    ]
  },
  "home": {
    "name": "ic16_home",
    "width": 16,
    "height": 16,
    "path": [
      "M220 876h150V626h220v250h150V486L480 291 220 486v390Zm-60 60V456l320-240 320 240v480H530V686H430v250H160Zm320-353Z"
    ]
  },
  "error": {
    "name": "ic16_error",
    "width": 16,
    "heght": 16,
    "path": [
      "M5.20169 0.0908203L4.72158 13.0908H0.511353L0.0312392 0.0908203H5.20169ZM2.61647 19.2954C1.90245 19.2954 1.29 19.0461 0.779109 18.5475C0.274374 18.0428 0.0250839 17.4303 0.0312392 16.7101C0.0250839 16.0084 0.274374 15.4083 0.779109 14.9097C1.29 14.4111 1.90245 14.1618 2.61647 14.1618C3.29355 14.1618 3.89061 14.4111 4.40766 14.9097C4.93086 15.4083 5.19554 16.0084 5.20169 16.7101C5.19554 17.1903 5.06935 17.6273 4.82314 18.0212C4.58309 18.409 4.26917 18.7198 3.88138 18.9537C3.4936 19.1815 3.07196 19.2954 2.61647 19.2954Z"
    ]
  }
}